id,y
VGSH,
JEF,
IVZ,
KTCC,
FBZ,
PLOW,
JBK,
IAC,
IVR,
VSH,
VCV,
OKE,
ROK,
FTAG,
BRKR,
GSK,
JPS,
SRPT,
VMI,
IMKTA,
BDR,
JAKK,
MVC,
AMSF,
APTO,
CNX,
XOMA,
LBY,
BIOL,
PAAS,
KOF,
LAC,
EML,
IVC,
TILE,
IEF,
CSV,
QADA,
TBNK,
HOG,
WIW,
SVBI,
PKOH,
CREG,
LOGM,
ERII,
PEBO,
PEER,
ORA,
RIO,
BPOPM,
PDLI,
RYN,
UNAM,
PFD,
CALX,
SNSS,
TCF,
MTRX,
AVGO,
MSM,
REV,
HSY,
PEP,
REED,
HPQ,
BKTI,
MPB,
AAON,
PSO,
CIG,
NAC,
OPNT,
RE,
SES,
RTN,
WST,
HIHO,
FLC,
EFT,
DCI,
IIF,
BANC,
CRS,
GAIN,
UHT,
TMO,
MFNC,
TEX,
LTBR,
QGEN,
EVV,
BBY,
MRKR,
CSQ,
KBAL,
QRHC,
ANIP,
FMBH,
HFBL,
PSCH,
SVT,
NATI,
ADMP,
CIT,
HEAR,
NC,
USAP,
IBIO,
ACAD,
CP,
SVVC,
VONE,
FUN,
KT,
AIRI,
NXTG,
EMX,
TGC,
SXI,
AGNC,
IMMU,
KSS,
PRA,
ROLL,
INTG,
VTA,
KRC,
NATH,
OTTR,
VIAV,
ICLR,
FOSL,
INCY,
MIDD,
CZNC,
IRCP,
EVF,
SUI,
IGC,
UAVS,
UUU,
USLM,
TRC,
EVT,
ARAY,
CIX,
ENB,
USIG,
PRAA,
MTEM,
SYX,
AMRS,
GME,
IPAR,
GJS,
ESBK,
NXR,
NPK,
LGI,
GL,
JQC,
VTWV,
RHP,
ANGO,
CHRW,
CPS,
CTIB,
GLP,
BGG,
MAYS,
WRB,
CRMD,
PTMN,
DS,
AVAV,
DXB,
IMO,
VTR,
CHKP,
XLNX,
PRIM,
AAWW,
RAND,
JHX,
GLT,
AOD,
CPT,
EPD,
BCE,
AINV,
SB,
CALM,
HAE,
IPHI,
GFY,
MLM,
UVSP,
REXN,
IAG,
SPGI,
PKX,
OSTK,
LMNR,
UEPS,
SPB,
CLBS,
CBZ,
GIM,
ACWX,
JHI,
PTVCA,
SNOA,
CCU,
INFI,
LRCX,
TRV,
CME,
MSD,
LOAN,
OPY,
FNV,
GOL,
SEM,
HIFS,
EGOV,
AON,
SMH,
GLBS,
ETV,
IRWD,
MGPI,
NOA,
FMS,
APA,
FRT,
YRCW,
MBCN,
WYNN,
GDV,
URI,
JBSS,
CAH,
FMX,
RRC,
UMBF,
BIO,
FCFS,
ASTE,
BHK,
PKG,
TNP,
PLBC,
VVUS,
WSR,
BFC,
KFFB,
JBT,
VONV,
LQDT,
TSCO,
EA,
CEQP,
FFNW,
BBBY,
NEON,
BASI,
HPF,
WEX,
NTRS,
BCH,
EGF,
GPOR,
GILD,
PSL,
BJRI,
AMRB,
ARLP,
CDMO,
IEC,
MBT,
GCAP,
KEQU,
HFWA,
KW,
MOV,
TFC,
FTC,
KELYA,
SHBI,
CBPO,
ZBH,
CLDB,
JBHT,
ABIO,
CHNR,
MRCY,
PCM,
ZBRA,
PHD,
KIRK,
ASPS,
SCL,
DQ,
MSN,
CSFL,
CGEN,
IIM,
BAX,
CMC,
PII,
QNST,
MPC,
CHD,
ETFC,
CMU,
ELLO,
JEQ,
FLWS,
BREW,
TRS,
NOV,
DEI,
PYZ,
SCKT,
PRCP,
CNA,
HLIT,
GFI,
RLH,
ORAN,
THC,
BDC,
MGRC,
DXLG,
BCLI,
CHY,
MSGN,
OCC,
PTEN,
ANTM,
EXPR,
PFSW,
PSCU,
EMD,
RF,
EBF,
TGT,
LINC,
LPX,
TWI,
GDEN,
SRT,
HAFC,
MGI,
NRK,
BLW,
H,
AEE,
PSTI,
NYT,
BCO,
UONE,
GLUU,
MFSF,
PNI,
ES,
CVI,
LIVE,
MLHR,
SMP,
PBBI,
TCFC,
HBCP,
MAGS,
SENEB,
SYK,
TGI,
AMAT,
MATX,
CAR,
DX,
MPWR,
BEN,
CDXC,
WVFC,
ED,
MHE,
CBLI,
TEVA,
AER,
SAND,
TUP,
FLUX,
ABMD,
MGIC,
VPG,
POWI,
CBFV,
PTSI,
BBK,
AP,
LMAT,
PSEC,
MA,
CZWI,
SSD,
PMD,
CNQ,
ACOR,
CBSH,
CPRX,
RCKY,
PML,
HSII,
CLRO,
TPR,
VMBS,
VRML,
AAP,
NR,
CXE,
LSBK,
MARK,
HRL,
ZIXI,
BYM,
MITK,
BOCH,
TIF,
RFP,
CATY,
RMT,
SATS,
VCF,
BGY,
CQP,
BLDP,
FBP,
CTRN,
LTC,
TATT,
LBTYK,
MHH,
BVN,
SAP,
UTX,
CBU,
FISI,
RPM,
JOE,
FHI,
FLT,
QADB,
PNR,
LOW,
MDP,
SSBI,
ARKR,
BTA,
GSM,
RIG,
WTBA,
PLPC,
PKBK,
PGC,
BMRA,
XOM,
AROW,
DAL,
DUC,
GBL,
BAH,
NHTC,
SUP,
TD,
DAC,
RDN,
NYV,
AUTO,
IFGL,
WSTG,
LL,
JMM,
HRB,
CMTL,
FBIO,
MIND,
FANH,
QDEL,
LSTR,
SGLB,
SCHW,
GCBC,
SRCE,
EPM,
IP,
BCV,
LYG,
NTUS,
MDC,
SYN,
PFH,
FFHL,
KAMN,
CLM,
USB,
EIG,
ENDP,
SCS,
TREE,
DMLP,
JOB,
WIRE,
PME,
TXN,
CLCT,
TVTY,
DRAD,
NUE,
INDB,
BME,
CXDC,
CTSH,
IEP,
SELF,
QEP,
MAIN,
AXTI,
ESTE,
KLIC,
AUDC,
CCI,
GJT,
OCFC,
CM,
MCRI,
RBBN,
ADP,
ADES,
NRO,
OLED,
EFX,
BELFA,
RLI,
VER,
DFVS,
FSI,
FRG,
ARNA,
KVHI,
PLM,
BXC,
SKX,
NSP,
LBAI,
EVY,
JBR,
AMSWA,
BGFV,
VMO,
IUSG,
HSTM,
NGS,
RSSS,
MFIN,
KTP,
IESC,
CYCC,
VHI,
AWK,
ITI,
TRI,
TSG,
NATR,
VIAC,
RECN,
VNO,
OLN,
TRQ,
SHI,
VC,
ENZL,
ARCB,
GES,
OPOF,
MIC,
PSCM,
KBWY,
CORE,
ATO,
NRT,
INUV,
VKQ,
HMN,
UNT,
TXMD,
UNH,
EMAN,
CVV,
CNBKA,
KB,
STL,
BLDR,
EDAP,
CTBI,
MHK,
CHT,
FMK,
MFV,
WM,
CTB,
BANF,
GATX,
UBP,
EYPT,
ATI,
DHX,
NVEC,
TNAV,
EXPE,
CAI,
BYFC,
MFM,
IDA,
CEE,
GNW,
BUD,
DVN,
TCX,
AMX,
FNHC,
GT,
HIBB,
KEM,
RAVN,
TRNO,
VBFC,
WYY,
CXH,
AJRD,
FBHS,
GEN,
RTH,
VIV,
LVS,
TCBK,
EBS,
SAIA,
AWF,
QQXT,
ASM,
JAN,
DRH,
PCYO,
CFFN,
NEO,
TGNA,
UAMY,
UNF,
XRAY,
AHPI,
HCCI,
TWIN,
CPE,
DSPG,
MPV,
USAK,
ASA,
NSL,
ESE,
PRTK,
ENV,
PYT,
ITRI,
NKG,
WASH,
BANFP,
ICE,
BTG,
GEOS,
RLGT,
SHIP,
XXII,
AIN,
PUI,
MLI,
GJH,
SPPI,
CNOB,
VMW,
DBI,
L,
KEY,
GUT,
INFY,
PGR,
ABEO,
AMAG,
KO,
CAMP,
NNI,
IDN,
DY,
DXF,
CUK,
HST,
PIZ,
LOPE,
PPIH,
TAIT,
TER,
AKG,
PZZA,
MVO,
AMT,
CORV,
NUAN,
LORL,
GOGL,
PMT,
SAFM,
ACU,
EHI,
JBN,
EC,
GCV,
GBR,
NHI,
MRO,
IJT,
NAZ,
MUA,
WSFS,
SENEA,
GLNG,
MYJ,
PBH,
SSYS,
HII,
NTES,
RCS,
KTN,
SSKN,
PRN,
SOHU,
PLX,
PICO,
TOWN,
HCSG,
CHA,
AG,
MYC,
AVNW,
MLR,
TTGT,
AXE,
ETR,
ICUI,
REFR,
GOF,
SCD,
FXNC,
PFIS,
NKE,
CNSL,
ABM,
PACW,
DXR,
FNCB,
PTR,
TLRD,
REG,
CFBK,
DSWL,
AMTD,
IO,
PCH,
PPG,
KMX,
FSP,
INWK,
CROX,
NBY,
PRO,
ACGL,
OVBC,
SPNS,
FAST,
LPTH,
VKI,
VZ,
VGR,
ALV,
REX,
ISIG,
BWEN,
CNI,
PEY,
RCI,
IMV,
COO,
LAWS,
ITGR,
HTBK,
DGII,
TREC,
GIII,
DPZ,
CSCO,
ERJ,
HYB,
MMT,
NTP,
LCI,
CAJ,
VBF,
NMY,
DMRC,
CTAS,
MSCI,
SGC,
SHLO,
PTE,
ICCC,
DXC,
FLL,
NKTR,
SNFCA,
NEM,
CIR,
TPZ,
MTSL,
TBBK,
HSC,
ATHE,
CAF,
SEAC,
TECK,
LUV,
BRID,
GTIM,
ESCA,
FSLR,
NMI,
RP,
KMT,
ATRS,
R,
ANIK,
TWO,
B,
DDF,
INVE,
VEON,
CCL,
GLBZ,
EBAY,
TREX,
NHLD,
SNN,
GPS,
NNY,
UFS,
HAYN,
LAKE,
TMDI,
COLM,
UBCP,
BHP,
NWBI,
SA,
HUM,
NZF,
HOLX,
AGM,
GSAT,
LHX,
NYMT,
SPSC,
STT,
TTMI,
THTX,
HCHC,
SU,
DSS,
NEPH,
MNKD,
EMR,
LII,
AVK,
HA,
MYN,
USA,
STBA,
HMG,
CRT,
ZIOP,
MRVL,
HHS,
GNTX,
PIE,
GPC,
CYAN,
FAM,
WEC,
MICR,
PAG,
DFVL,
TG,
FORD,
MERC,
FWRD,
EXPD,
SCCO,
AKRX,
FGB,
LECO,
DRI,
AIRT,
HURN,
SLP,
VRTX,
SIFY,
FLS,
CAL,
KIM,
DOOR,
BAM,
AHT,
HRZN,
SITC,
TCBI,
VALU,
ENLC,
TWMC,
LAZ,
VECO,
CERN,
BLE,
ETM,
USEG,
ETH,
WTT,
SKYW,
ABG,
BKD,
CARV,
DGICB,
GYC,
BMRC,
BMO,
MMAC,
NAII,
TLF,
TTI,
CODI,
UPS,
FAF,
BKT,
NJV,
VTN,
SPXC,
EBSB,
SNPS,
PSCD,
CVCY,
RRGB,
CUZ,
C,
BVSN,
TROX,
NUV,
ONEQ,
IGR,
CHCO,
CHIC,
ASGN,
BND,
GLO,
MCK,
PRGS,
FTCS,
CMI,
HOV,
CWBC,
TQQQ,
SMG,
CTL,
HLF,
KBH,
VMC,
BPOP,
ESP,
RES,
GVA,
SLGN,
UUUU,
MIY,
GRF,
MHD,
DFS,
IFEU,
RIBT,
GE,
ORRF,
ONCS,
CIGI,
GPN,
ALCO,
DIOD,
TRMK,
PPC,
VGZ,
RUSHB,
VVI,
EPR,
PROV,
SLAB,
CRY,
SYNL,
FCN,
ROIC,
PWR,
TDC,
ECHO,
WSBF,
FLO,
GAB,
SOHO,
CUBA,
BGR,
ANF,
AES,
K,
PRFT,
CASY,
BRFS,
CLGX,
RDWR,
ASRV,
ALXN,
PYX,
CEO,
TPC,
SGMO,
MU,
HPI,
OBE,
MMYT,
MCHP,
YUM,
EEFT,
GRIF,
MTX,
ALGN,
KLAC,
IBOC,
BKN,
GRA,
OFIX,
CNS,
DHI,
ODP,
TOT,
TAP,
INFN,
ETG,
FBIZ,
MTT,
NBIX,
CRF,
MTG,
INOD,
ACLS,
UHS,
NTZ,
LCII,
PSCI,
VTHR,
QRTEA,
MTR,
VTWG,
MCN,
NRIM,
GIB,
COG,
CBOE,
JMP,
MHN,
NOVT,
CTHR,
XEL,
CBRE,
GNMK,
HEES,
AVB,
CECE,
TACT,
ASRT,
MHI,
VERU,
HOVNP,
PCF,
JPC,
TCI,
SHOO,
TLK,
ASB,
CGA,
SJT,
STAA,
KWR,
TTNP,
ALNY,
DXCM,
DGX,
MAN,
T,
NAVB,
STRL,
GTLS,
UL,
SUNW,
HJV,
GPRE,
CSGP,
SIGI,
LLY,
PRGO,
CVX,
ACTG,
DVA,
NIE,
WLTW,
FTF,
MSI,
ROST,
VPV,
MSEX,
LMNX,
TXT,
EAT,
QUIK,
VMM,
HUBG,
DSGX,
IFV,
FAD,
HBAN,
SPOK,
CVGI,
GPX,
CFR,
GRC,
RPT,
WGO,
SGU,
GLAD,
NIM,
ONCY,
ACWI,
CXW,
THM,
FCT,
FFBC,
TSN,
IGIB,
GJO,
AN,
FLR,
IDXX,
FELE,
STRA,
BPOPN,
PERI,
MTL,
WINA,
RDCM,
RVP,
CX,
MT,
TESS,
BSBR,
TR,
HSBC,
IDRA,
CPSH,
NUW,
PTNR,
NVMI,
DWSN,
CMCL,
DG,
IUSV,
TECH,
CHCI,
EMKR,
RFI,
RUSHA,
UNB,
GRBK,
NGG,
HZO,
BLKB,
DVY,
HLX,
BMTC,
FEM,
LCNB,
DLHC,
AVA,
HHT,
PHM,
MDRX,
RNET,
LZB,
RCG,
DRD,
SGMA,
RNWK,
NOM,
CNC,
MNTA,
TLGT,
NXC,
NRP,
TRXC,
INBK,
LYTS,
ANIX,
TISI,
BICK,
CVM,
PIY,
HTHT,
WPC,
SMBK,
EDF,
FRO,
KMPR,
ARR,
ZGNX,
MD,
ARTNA,
GTS,
SHY,
GEC,
SNGX,
HSKA,
PRFZ,
FLXS,
MTH,
CTXS,
FTK,
LKFN,
PRI,
LNDC,
ULTA,
PTH,
SBGI,
SJR,
MUE,
FMAO,
JE,
PFIN,
IGSB,
YORW,
HMY,
UZA,
NTIP,
EVOL,
PRU,
AXP,
MCF,
STX,
TGH,
WAB,
MNRO,
TDY,
BCDA,
FMO,
NYCB,
PEB,
WTI,
FOE,
JWN,
GGAL,
AEZS,
AKAM,
COHR,
MUS,
SMMF,
INGR,
CYRN,
RBA,
MOS,
ZYXI,
DMO,
CUI,
FPAY,
EME,
CRIS,
ARCC,
CHW,
ORCL,
CNXN,
LTM,
NSEC,
LONE,
LM,
IRIX,
NM,
COKE,
MANT,
NHS,
MAV,
MINI,
FCF,
AAXN,
JBLU,
NG,
NUVA,
CPHC,
CVTI,
EXAS,
ECPG,
NUM,
DISCA,
CMS,
CATC,
MAC,
MG,
DTUL,
ORI,
XTNT,
LMST,
INFU,
LLEX,
TS,
GJP,
HRTX,
PPL,
WERN,
AMRC,
CSX,
IMAX,
PHG,
THRM,
EXEL,
TBI,
BCS,
HTD,
CCBG,
PACB,
FEO,
JRS,
GLDD,
ADUS,
MYRG,
NI,
CDR,
GD,
UI,
GILT,
NYMX,
NDSN,
TGTX,
FLEX,
NFJ,
WRI,
EE,
PLUS,
SWKH,
MO,
TSU,
RNR,
ATVI,
TSBK,
TYL,
DISCK,
FOF,
EXK,
PB,
SRCL,
SNMP,
CYCCP,
CMT,
WAL,
FMBI,
PATK,
ANH,
SSL,
CW,
EWZS,
NWL,
BGI,
EBMT,
DLX,
TGA,
AEO,
MUI,
NBW,
SM,
BHE,
CLWT,
CUTR,
DSX,
UEC,
COLB,
EOT,
DL,
CEL,
UMH,
VRNT,
UMPQ,
EXTR,
BDJ,
NVG,
PAC,
PPT,
PFI,
CNTY,
TTC,
AOS,
SGEN,
GLQ,
EBIX,
SSNC,
BYD,
GTY,
UBA,
APOG,
UIHC,
ORBC,
DIT,
TENX,
STK,
CPST,
EOS,
UCBI,
CVA,
MFD,
PCQ,
CRM,
OHI,
FDT,
SKM,
MSB,
MTW,
PAI,
XPL,
ALGT,
INDY,
MBI,
OCN,
FL,
FLAT,
QQQX,
BMY,
NCTY,
ASRVP,
HBIO,
BDN,
GGG,
WPP,
CMCT,
BC,
INO,
TJX,
GIL,
PLAB,
CMCO,
IEX,
NRG,
NCZ,
PVG,
BPFH,
ABCB,
MNOV,
NXQ,
JRJC,
NWE,
FCX,
IRET,
GENE,
ALL,
CENX,
ITW,
OII,
CVU,
EEA,
PBCT,
PMO,
FUNC,
LWAY,
BZH,
DCP,
GOOD,
TWN,
SLMBP,
IIVI,
ENSG,
ADRE,
BTN,
EHC,
EDUC,
CSL,
HCKT,
DGICA,
MUC,
SYY,
FKO,
SMFG,
FHN,
NBN,
CZZ,
BBF,
PIM,
ETO,
TEUM,
WBA,
LEO,
SPXX,
GGT,
VCEL,
AMSC,
DHC,
RJF,
HUN,
VGIT,
LYB,
ESXB,
SHEN,
IHG,
LOGI,
WFC,
EVRI,
URBN,
PNM,
MMS,
RBS,
WILC,
AEF,
NEWT,
PTY,
IBN,
FORM,
SAR,
KNL,
BSX,
NTCT,
IDE,
PFN,
PETS,
SRV,
CS,
MGEE,
LIQT,
MBWM,
ONB,
SRNE,
KALU,
VXRT,
TRGP,
SGA,
TCO,
FISV,
FVE,
FRD,
MUH,
SASR,
M,
CEA,
GPI,
CSU,
MAA,
APEI,
MANH,
ELTK,
IBCP,
NSC,
MQY,
ELGX,
FC,
CREE,
SAVA,
SNBR,
EFOI,
ETJ,
OI,
SSY,
WLK,
CLI,
KYN,
NUS,
UTMD,
GERN,
MED,
BWXT,
LEDS,
TM,
PSCE,
SEED,
YVR,
AME,
GLU,
SANM,
CRESY,
FTA,
GDOT,
WPRT,
ABUS,
NXP,
CRUS,
JNJ,
GMO,
AMOV,
NFG,
STFC,
AFL,
PEO,
PNBK,
IOVA,
EXFO,
NHC,
AFG,
LCUT,
ARGO,
SLF,
MAS,
FIZZ,
GCO,
CENT,
RTW,
QABA,
SPTN,
EAD,
SBBX,
ODC,
TAST,
KBWP,
EMF,
LH,
SAH,
WNS,
BFK,
DAIO,
EMN,
LHCG,
NDAQ,
FFA,
CL,
SEIC,
SSP,
PCN,
BSRR,
BXMX,
KZIA,
RMTI,
IMMR,
SINO,
STC,
ALX,
FYT,
TGB,
CRH,
FTFT,
NVS,
SPE,
WHR,
MCD,
RAD,
CII,
ELP,
OFG,
WRLD,
ALK,
FDEF,
CCNE,
KOPN,
FRPH,
BFIN,
AMNB,
CO,
VLGEA,
AU,
TARO,
BLFS,
BOSC,
IOSP,
AVEO,
RILY,
EGAN,
NJR,
IRM,
PYS,
UNP,
ATRO,
PPR,
FEIM,
SNE,
DISH,
ABB,
HLIO,
RMD,
EGBN,
EMMS,
BDL,
DRQ,
ELOX,
STRM,
AMD,
ADSK,
LBTYA,
SKYY,
CBRL,
ABC,
FTR,
BKYI,
CHU,
MEI,
MAG,
WTRG,
EPAY,
FAB,
DLTR,
GALT,
WTFC,
DDT,
RGR,
LDL,
ULBI,
OIS,
XEC,
RUTH,
AGD,
CLR,
CAG,
JCP,
CF,
TPX,
BCOR,
HBI,
BBN,
PMF,
PKE,
GENC,
TEI,
KGJI,
ROP,
OFLX,
SIM,
POWL,
SJM,
SMIT,
PH,
LPLA,
DHY,
BLNK,
ZEUS,
CPB,
BXMT,
CIB,
DEO,
DHIL,
OLP,
FR,
COHN,
FNLC,
MTN,
G,
AIR,
APWC,
SWKS,
JOBS,
GFF,
CEV,
EVM,
EDN,
UTI,
ABT,
HFC,
MDGL,
CVLT,
MXF,
HIG,
OXM,
PKO,
RNST,
HGSH,
VNDA,
VFL,
CHDN,
NCV,
MWA,
GNSS,
NEE,
GIS,
MAT,
SAFT,
JDD,
INTT,
MXE,
FIS,
BAF,
EVBN,
ARL,
NFBK,
PXD,
NXPI,
PTVCB,
NAV,
WEYS,
NTG,
MCHX,
SOXX,
ZIV,
RST,
BB,
JLL,
AGYS,
FN,
VSAT,
ABR,
ERF,
WETF,
DCO,
ON,
ALJJ,
BZM,
PID,
ATV,
CACI,
STPP,
SBSI,
KGC,
AEM,
AIT,
D,
CVCO,
DHF,
UTG,
LEG,
BKSC,
VLO,
SPRT,
EMCF,
GASS,
DAN,
DCOM,
NEN,
GSL,
EXR,
KAR,
UG,
OPI,
NTAP,
KNDI,
ITUB,
SNY,
EQNR,
INS,
ALSK,
CERS,
CGO,
AEY,
FMN,
RL,
AMP,
BKE,
DUK,
CNMD,
EQR,
QTEC,
CPK,
SPG,
TITN,
IX,
OGE,
KTOS,
MUJ,
FONR,
FDS,
BSTC,
ENSV,
ENZ,
TIVO,
CENTA,
PDCE,
SIF,
WIT,
MYD,
TURN,
MSFT,
PMM,
SMRT,
NP,
ADX,
ANDE,
TAL,
OXSQ,
SSI,
WVVI,
BSAC,
UNTY,
HR,
MNSB,
SHO,
CSIQ,
CULP,
TXRH,
JKHY,
ISBC,
ARI,
MLVF,
VTNR,
LAMR,
SHV,
MYOS,
MNTX,
NMM,
HD,
HSON,
OTTW,
GROW,
NVDA,
NBB,
BR,
AVT,
CMO,
LFVN,
VVR,
HHC,
GM,
LEAF,
IHT,
CCK,
VOLT,
HQL,
JHS,
LNN,
V,
NWFL,
ALYA,
URG,
TEO,
WBK,
CPIX,
TV,
DHR,
PRK,
CWCO,
PFIE,
SIX,
CLUB,
GLRE,
RY,
ECT,
RRD,
UTSI,
WTS,
DLB,
HRC,
CLAR,
PSA,
QBAK,
SYBT,
MUX,
GNRC,
SMTS,
FARO,
BSE,
FNB,
NMR,
HUSA,
ISHG,
WNEB,
CAPR,
RMBS,
CCMP,
DGLY,
LBTYB,
FCBC,
EVSI,
NWPX,
MPW,
VXUS,
ANGI,
AMG,
ICAD,
VLY,
UFCS,
EUFN,
GS,
MTOR,
MCHI,
III,
FUND,
FFIN,
SHW,
SOR,
PNRG,
SALM,
MSA,
AIA,
AAME,
CYTK,
CPSI,
HAS,
SJI,
IBB,
QCRH,
SPH,
CAE,
STN,
USNA,
LDOS,
ATRC,
TELL,
BXP,
LEE,
TX,
PCOM,
TRP,
UDR,
CLNE,
SGB,
UIS,
AXAS,
FBMS,
DIN,
EFR,
TKR,
RBC,
SRDX,
FCCO,
FDX,
PFG,
EVN,
MEET,
HQI,
PMBC,
MNDO,
BMI,
STKL,
ISR,
BCBP,
HELE,
ADS,
ASG,
DXPE,
IBM,
PYN,
STON,
HMSY,
CBIO,
AAL,
LNC,
PHT,
MCS,
ZAGG,
MFC,
HPS,
SONA,
STNG,
PZN,
PLXS,
ETB,
PFS,
GGN,
SMTX,
GV,
IIIN,
BHB,
FYC,
PEBK,
APPS,
CAT,
MNE,
NEPT,
MZA,
DECK,
USIO,
HMC,
KRNY,
PG,
POL,
TAT,
VGM,
PMX,
FPA,
FLY,
CBT,
IIN,
MGU,
NNN,
BECN,
AEHR,
SUMR,
BHC,
CNR,
DNN,
DHT,
PDT,
CJJD,
KBWD,
UNM,
KFY,
CNET,
SQBG,
THFF,
GRX,
EIM,
BKK,
CASI,
ILMN,
SIG,
STAR,
CCJ,
MFT,
PHX,
TTEC,
JRO,
AVXL,
FUSB,
BRN,
MMSI,
GBLI,
BITA,
CIM,
FSFG,
SFNC,
HVT,
BCOM,
IVAC,
NEA,
LCTX,
MKTX,
GSB,
PDEX,
TVE,
AYI,
STRS,
PLD,
IGOV,
FORTY,
CFX,
WU,
NPV,
EXC,
HAL,
QUAD,
GULF,
SWM,
LUB,
MUR,
DDS,
IGI,
CTG,
OSBC,
CYD,
UAA,
IMOS,
AXDX,
MFG,
ATLO,
RGCO,
MARPS,
BBGI,
CWST,
BOOM,
BSD,
EQC,
EV,
STM,
EBTC,
OMER,
DSM,
PRTS,
PEGA,
EXLS,
PSCC,
HBM,
BXS,
CTIC,
TTWO,
CLH,
ZION,
WLFC,
CLSN,
DVD,
KEX,
ASTC,
GEF,
AHC,
ITCB,
NTGR,
PTF,
SFST,
SMED,
CIEN,
RQI,
FMC,
JSM,
PXLW,
EL,
EGY,
CVBF,
EW,
MS,
CMD,
TGP,
WDR,
EDU,
ACC,
ORN,
GHM,
AIV,
PAR,
BHLB,
TECD,
PDS,
ACY,
TSRI,
RBCN,
AI,
GYRO,
BA,
WMK,
TUES,
PLAG,
PWOD,
JCTCF,
OVV,
SRE,
HQH,
PODD,
RGLD,
SBCF,
TMP,
AMRN,
CYOU,
FICO,
ISNS,
GSH,
IT,
RAIL,
SBFG,
SBNY,
GABC,
LARK,
EZPW,
LODE,
CIVB,
MGYR,
DMF,
GEL,
STRT,
TROW,
ST,
NTIC,
CTS,
BRO,
HPP,
THS,
KELYB,
CXO,
FLIR,
HEP,
AEGN,
OSK,
NOAH,
BFS,
TAC,
JBL,
KFRC,
MGF,
ERIE,
CARZ,
CYBE,
BNS,
PLT,
AAXJ,
OXY,
HTY,
CARE,
MYL,
BBDC,
IID,
OMEX,
HDSN,
PHO,
SFBC,
IAF,
CHE,
ALG,
RGEN,
SMBC,
TMUS,
SCX,
LYV,
BLRX,
USCR,
HXL,
CNK,
CATO,
SRI,
CEM,
GBX,
ZNH,
AOBC,
BDSI,
SP,
MEOH,
CIK,
MAR,
WHG,
AMED,
APH,
ASR,
CSPI,
MKSI,
BCPC,
CMRE,
ING,
ANAT,
TU,
PLCE,
NKSH,
UONEK,
AJG,
INSI,
RDI,
SWX,
IRS,
BCRX,
CBAT,
MOH,
GPM,
BURG,
OSUR,
OGEN,
HSIC,
SCI,
SLG,
TCCO,
SNA,
COHU,
FEX,
JPM,
CCF,
GLW,
ECL,
NPN,
CIL,
PNQI,
AVD,
GSBC,
EFSC,
RBCAA,
ARC,
MYE,
CET,
BAP,
ACHC,
WMB,
NXN,
AZPN,
WEA,
INTL,
CNO,
AMGN,
PIO,
SJW,
TDI,
KDP,
VCLT,
WW,
PEAK,
TA,
LNT,
DSU,
LFC,
PBIO,
APT,
RELV,
MMP,
DZSI,
PNF,
AEP,
AT,
AXR,
MPX,
RSG,
FCAP,
BEP,
PCYG,
WOR,
RCMT,
AFB,
CDE,
MSON,
ZN,
CLX,
LB,
PEG,
FSD,
JTD,
LLNW,
MSBF,
NOG,
SSB,
LULU,
UTF,
GLV,
CMA,
DIS,
CCOI,
CRAI,
CIDM,
PFF,
BTZ,
IQI,
CAAS,
NWN,
THO,
BOKF,
BTO,
REI,
PKW,
HCI,
WWW,
TK,
ETN,
A,
NCB,
DORM,
MHF,
WY,
SNV,
AEG,
FYX,
STCN,
DYAI,
PPH,
OPK,
RCL,
POR,
OIA,
CRL,
FFIV,
NGD,
SIVB,
MUFG,
AIG,
ALBO,
OMC,
PBR,
ATSG,
CI,
LEA,
GJR,
MPA,
CPF,
INSG,
FMY,
FARM,
FTNT,
LPL,
NICE,
TDF,
AMS,
BMRN,
HBMD,
PGJ,
RDNT,
WLL,
CORR,
GURE,
CMPR,
RYAAY,
VRSK,
BIMI,
CETV,
MMC,
CRMT,
INT,
SO,
BUSE,
UBSI,
BDX,
INSM,
BFY,
HL,
HOPE,
NSSC,
QQEW,
AGEN,
AIMC,
WCC,
FIBK,
USM,
CIA,
GRMN,
RTIX,
WBC,
HOMB,
HYI,
ORMP,
CRVL,
FMNB,
GRVY,
TLI,
CTO,
PAM,
CLDT,
DNR,
RAVE,
AGO,
AEL,
COP,
WPM,
MTZ,
BBH,
MOD,
GDL,
RIGL,
CDZI,
SFUN,
VCIT,
NMT,
MAXR,
JAZZ,
NEOG,
QCOM,
DTUS,
EGHT,
SPR,
GPK,
ACM,
JFR,
WABC,
SBI,
AMN,
TFX,
VAC,
CKX,
JKI,
PESI,
KOSS,
SWK,
DE,
GEO,
XRX,
JJSF,
TZOO,
SLRC,
ACIW,
ATGE,
ROG,
AFC,
GWW,
FTRI,
GAM,
PBI,
SPAR,
HNI,
AVY,
BFZ,
MVF,
HIMX,
KRG,
CVE,
BIDU,
TRNS,
CBB,
QUMU,
PCK,
POPE,
ADBE,
SCHL,
TAYD,
SYNA,
IKNX,
CUB,
FSS,
UTL,
RVT,
UTHR,
NTN,
CHSCP,
RCON,
STND,
BGCP,
AROC,
CRI,
CYH,
IART,
SCVL,
GSS,
UGI,
PFBC,
KMB,
ERH,
ESSA,
BIP,
PUK,
DKS,
EVR,
MTEX,
SCSC,
GTE,
TNC,
JVA,
WCN,
AEIS,
MTB,
MLP,
HWC,
FF,
ENX,
ALLT,
OIIM,
SNP,
TNK,
TVC,
INVA,
XIN,
ANSS,
PFO,
TIPT,
CLB,
HTH,
CHI,
DEX,
JOUT,
UAL,
EQT,
F,
FSBC,
PRSC,
WAFD,
QQQ,
AE,
UMC,
SLM,
BX,
WNC,
PPBI,
JCI,
WWE,
CPAH,
DYNT,
VIVO,
IEI,
BANR,
PCAR,
VRA,
GBCI,
CIF,
KMF,
INTC,
MBB,
BBW,
GBDC,
GHL,
RWT,
AWP,
APEN,
GPL,
WKHS,
ARTW,
ASUR,
CATS,
LKQ,
SLB,
WMT,
EMB,
ESEA,
HP,
BBL,
WWD,
MNST,
SWN,
STZ,
GORO,
TKC,
BSL,
BBAR,
APEX,
OMCL,
RVSB,
TY,
IEUS,
CAC,
CVGW,
OVLY,
AUY,
CEMI,
TDJ,
FBSS,
GGB,
ALE,
INTU,
BRKS,
LGND,
NPO,
LXRX,
TSM,
IPB,
SGOC,
DAKT,
KSU,
GIGM,
BLL,
PDFS,
CPA,
FSM,
WBS,
CHK,
FFC,
EOI,
DLR,
SYPR,
PTC,
TEN,
CWT,
NTWK,
BLX,
PSB,
IMH,
FDP,
MOFG,
BKCC,
CBL,
MET,
NCR,
GOLD,
GRID,
WRE,
SIEB,
PGP,
DO,
MTRN,
MNP,
OMAB,
PLG,
UFPT,
PCG,
ADC,
LRN,
SMTC,
MMLP,
LGL,
SBR,
TDS,
ADM,
ATEC,
PDM,
PHI,
WSTL,
NUO,
DBD,
EPC,
JLS,
LSCC,
ATHX,
AGX,
BEAT,
IGF,
NMZ,
CBMG,
CCCL,
HBP,
SPWR,
MMM,
TDG,
IBA,
NS,
ALKS,
HE,
HNP,
AXL,
PLUG,
PEIX,
ECF,
BIF,
GRFS,
DNP,
CUBE,
FJP,
VHC,
FCCY,
BBD,
ALOT,
AXU,
FEP,
FULT,
BTE,
DGLD,
TAOP,
CDNS,
LUNA,
CRWS,
DTYL,
STXS,
WSO,
MCY,
NBO,
NNBR,
BNSO,
DB,
TEF,
CAKE,
ACCO,
BRKL,
UBOH,
WLDN,
EFC,
CEVA,
BOE,
IDT,
MQT,
ICON,
SCHN,
BTI,
COST,
OC,
MCBC,
PNFP,
ESLT,
SVC,
ISDR,
BWA,
JCOM,
EMIF,
CGNX,
VRTU,
LFUS,
X,
PSMT,
TLT,
CLMT,
PNW,
SRL,
CBAN,
ITIC,
MFL,
BRC,
MHLD,
CTRC,
KOP,
AWI,
FAX,
FORR,
MSTR,
NKX,
ASML,
CRK,
BDGE,
EVGN,
EIX,
LEN,
PM,
MVT,
BIG,
VRTS,
HALO,
DRRX,
MDT,
PEZ,
TRN,
IGA,
BNY,
MHO,
ELS,
MRK,
FFIC,
FLNT,
OFC,
WEN,
ARW,
PW,
VNQI,
RIF,
NAN,
NAT,
RICK,
APD,
PAA,
CDOR,
SSRM,
OTEX,
MXC,
MRTN,
IFN,
ORLY,
PXI,
SCZ,
COWN,
ET,
CMCSA,
CLFD,
FTEK,
ACN,
ECOL,
DDD,
SAVE,
EOG,
ISRG,
RMCF,
BBQ,
NBR,
ASMB,
HURC,
CASH,
TRIB,
OTEL,
KINS,
PSF,
CPRT,
SF,
CSBR,
ENG,
FNY,
STLD,
FCA,
SUNS,
DTE,
CMP,
ENS,
VG,
JCE,
RFIL,
IBKC,
VICR,
SAL,
EXP,
MIN,
KBWR,
CATM,
VFC,
KTF,
MTSC,
PCTI,
LSI,
VSEC,
GIFI,
PRGX,
BAC,
COFS,
EVG,
VET,
CHL,
TTEK,
PLW,
IHC,
LANC,
HWBK,
NHF,
FOLD,
HBNC,
MGA,
PAYX,
EXG,
SHSP,
BBSI,
BGT,
NE,
SYKE,
ACH,
OSN,
AMCX,
O,
VCSH,
BP,
SFL,
HON,
ASH,
CHS,
LMT,
SIMO,
FIX,
LXP,
NXJ,
IPG,
UCTT,
FRA,
BOH,
FITB,
BQH,
DLA,
CDXS,
FNX,
UVV,
VOXX,
WDFC,
EDD,
MDU,
SOL,
MYGN,
PHK,
COF,
PVH,
TRMB,
EGP,
DOV,
HES,
UFPI,
AUB,
IRR,
PDCO,
SILC,
MYI,
AWR,
DLPN,
CYRX,
VALE,
BELFB,
AUMN,
CVS,
BSQR,
LAD,
CSWC,
ARWR,
ATNI,
TCOM,
ORGS,
CNP,
OZK,
KR,
XPO,
KTH,
KBR,
ETW,
IDCC,
PFE,
JCS,
FNK,
LLIT,
ROL,
IGD,
PNNT,
AWRE,
AZN,
HTLF,
ERC,
RGS,
SHG,
NBH,
AEB,
PSCF,
SINA,
SKT,
SGMS,
ESS,
CUO,
HOLI,
OPHC,
HOFT,
MCO,
NX,
VRSN,
HNNA,
OCSL,
NCA,
RADA,
FE,
YPF,
BBVA,
NWLI,
EOD,
VOD,
FTI,
SLCT,
LXU,
MEN,
HDB,
WAT,
XPER,
AAPL,
WHLM,
KEP,
NAD,
IAE,
SOCL,
CVLY,
UVE,
CPSS,
FDBC,
GDO,
OSIS,
SBH,
VONG,
RNP,
KFS,
BBI,
HIX,
VAR,
ACNB,
JNPR,
BSET,
NLY,
BPT,
DISCB,
EVI,
EXPO,
GAIA,
NSYS,
AMPE,
RDY,
SBS,
AGCO,
NXGN,
RIVE,
PENN,
HMNF,
FFG,
HNRG,
ETY,
ELY,
CRNT,
DNI,
TSI,
CELH,
OPCH,
SANW,
NXST,
AXGN,
AXS,
HWKN,
KRA,
ALB,
BKH,
UBFO,
COR,
NLS,
IPI,
EWBC,
OAS,
PBT,
AZZ,
SWIR,
TCP,
IRDM,
CSGS,
CPLP,
PEI,
SKY,
MCA,
TRX,
HI,
DAR,
UGLD,
BG,
FBNC,
MCI,
BMA,
UEIC,
AB,
OBAS,
SBUX,
CPG,
CINF,
FEN,
SNX,
HALL,
SBRA,
LTRX,
DTF,
SIGA,
KAI,
QMCO,
RGA,
THG,
FCO,
TDE,
CONN,
EGO,
CY,
ICLN,
NNVC,
AIZ,
XAN,
ALIM,
PFL,
WIA,
TRST,
EXD,
HNW,
SBLK,
AUBN,
GSIT,
ISSC,
ESGR,
CAMT,
CKH,
CLS,
ZTR,
SIRI,
PFM,
ANTE,
PZC,
DSLV,
WDC,
PRPH,
RS,
BOTJ,
CE,
HAIN,
QCLN,
ATR,
WSM,
LNG,
VTWO,
FRC,
FUL,
ICFI,
CIZN,
UFI,
MXIM,
MRLN,
GTT,
CR,
SXT,
NBTB,
ADI,
EVK,
WSBC,
ACER,
CHN,
CORT,
FLIC,
ADTN,
PFLT,
AVID,
TSEM,
KRO,
MORN,
BHV,
MMU,
SGRP,
PBA,
GF,
OSPN,
J,
AMKR,
CPHI,
TRT,
OPRX,
DXYN,
GFED,
FRAF,
HWCC,
WYND,
CHMG,
EVC,
NNA,
IOR,
ATLC,
STWD,
TTM,
NOC,
EQS,
MKC,
MXL,
NEV,
ASFI,
JTA,
MNR,
TFSL,
GTN,
TYG,
VIRC,
BIS,
WOOD,
MASI,
